{
    "training_loss": [
        2.2366695404052734,
        2.2329933643341064,
        2.2304980754852295,
        2.22851300239563,
        2.2251369953155518,
        2.2161693572998047,
        2.2166197299957275,
        2.2090275287628174,
        2.2008233070373535,
        2.1933207511901855,
        2.179171323776245,
        2.1711182594299316,
        2.1657967567443848,
        2.149016857147217,
        2.133047103881836,
        2.123565673828125,
        2.0964877605438232,
        2.0826025009155273,
        2.0693423748016357,
        2.043996810913086,
        2.0174918174743652,
        1.984894871711731,
        1.960996150970459,
        1.910240888595581,
        1.884035348892212,
        1.831240177154541,
        1.7941817045211792,
        1.7475991249084473,
        1.6550556421279907,
        1.5800093412399292,
        1.4296214580535889,
        1.2834875583648682,
        1.1236110925674438,
        1.0059514045715332,
        0.8840892314910889,
        0.8294659852981567,
        0.7138774991035461,
        0.7361528873443604,
        0.6341039538383484,
        0.5131513476371765,
        0.5636096596717834,
        0.6056954264640808,
        0.5611560344696045,
        0.5309233665466309,
        0.32267454266548157,
        0.3989306390285492,
        0.3181213140487671,
        0.45162954926490784,
        0.40162551403045654
    ],
    "training_accuracy": [
        0.2631579041481018,
        0.21052631735801697,
        0.2982456088066101,
        0.21052631735801697,
        0.2631579041481018,
        0.19298245012760162,
        0.24561403691768646,
        0.24561403691768646,
        0.2631579041481018,
        0.21052631735801697,
        0.38596490025520325,
        0.28070175647735596,
        0.2982456088066101,
        0.31578946113586426,
        0.31578946113586426,
        0.35087719559669495,
        0.4736842215061188,
        0.3333333432674408,
        0.35087719559669495,
        0.3684210479259491,
        0.3684210479259491,
        0.4035087823867798,
        0.3684210479259491,
        0.4385964870452881,
        0.4385964870452881,
        0.4736842215061188,
        0.4736842215061188,
        0.4385964870452881,
        0.45614033937454224,
        0.45614033937454224,
        0.5789473652839661,
        0.7368420958518982,
        0.6842105388641357,
        0.7017543911933899,
        0.7543859481811523,
        0.7368420958518982,
        0.7368420958518982,
        0.7719298005104065,
        0.8070175647735596,
        0.859649121761322,
        0.8421052694320679,
        0.859649121761322,
        0.859649121761322,
        0.8947368264198303,
        0.9473684430122375,
        0.9473684430122375,
        0.9824561476707458,
        0.9473684430122375,
        0.9473684430122375
    ],
    "validation_loss": [
        2.236224889755249,
        2.2329468727111816,
        2.2293457984924316,
        2.2254061698913574,
        2.221163272857666,
        2.2163310050964355,
        2.2110249996185303,
        2.2047958374023438,
        2.197666645050049,
        2.189786672592163,
        2.180910587310791,
        2.1707427501678467,
        2.1592118740081787,
        2.1468381881713867,
        2.1335031986236572,
        2.1191844940185547,
        2.1034069061279297,
        2.08573579788208,
        2.0660295486450195,
        2.04447865486145,
        2.020887613296509,
        1.9954273700714111,
        1.9680343866348267,
        1.936266303062439,
        1.902395486831665,
        1.8620258569717407,
        1.8135697841644287,
        1.7522542476654053,
        1.6754376888275146,
        1.5931572914123535,
        1.4996055364608765,
        1.4277254343032837,
        1.3832621574401855,
        1.31697678565979,
        1.312937617301941,
        1.286850094795227,
        1.396931767463684,
        1.427788257598877,
        1.2499150037765503,
        1.1821181774139404,
        1.1173889636993408,
        1.0381333827972412,
        1.0205374956130981,
        0.9821884036064148,
        1.2386456727981567,
        1.3116945028305054,
        1.2811063528060913,
        1.1585960388183594,
        1.1295398473739624
    ],
    "validation_accuracy": [
        0.20000000298023224,
        0.20000000298023224,
        0.20000000298023224,
        0.20000000298023224,
        0.13333334028720856,
        0.06666667014360428,
        0.06666667014360428,
        0.13333334028720856,
        0.13333334028720856,
        0.13333334028720856,
        0.13333334028720856,
        0.13333334028720856,
        0.13333334028720856,
        0.20000000298023224,
        0.20000000298023224,
        0.20000000298023224,
        0.20000000298023224,
        0.3333333432674408,
        0.2666666805744171,
        0.2666666805744171,
        0.2666666805744171,
        0.2666666805744171,
        0.2666666805744171,
        0.2666666805744171,
        0.2666666805744171,
        0.2666666805744171,
        0.3333333432674408,
        0.3333333432674408,
        0.3333333432674408,
        0.4000000059604645,
        0.4000000059604645,
        0.4000000059604645,
        0.4000000059604645,
        0.4000000059604645,
        0.6000000238418579,
        0.6000000238418579,
        0.46666666865348816,
        0.46666666865348816,
        0.46666666865348816,
        0.46666666865348816,
        0.46666666865348816,
        0.46666666865348816,
        0.46666666865348816,
        0.6000000238418579,
        0.7333333492279053,
        0.7333333492279053,
        0.8666666746139526,
        0.8666666746139526,
        0.8666666746139526
    ]
}